base_rate,final_capacity,threshold_crisis,threshold_high
0.15,54550,TRUE,TRUE
0.16,56963,TRUE,TRUE
0.16999999999999998,59461,TRUE,TRUE
0.18,62046,TRUE,TRUE
0.19,64720,TRUE,TRUE
0.2,67486,TRUE,TRUE
0.21,70345,TRUE,TRUE
0.22,73300,TRUE,TRUE
0.22999999999999998,76354,TRUE,TRUE
0.24,79509,TRUE,TRUE
0.25,82767,TRUE,TRUE
0.26,86131,TRUE,TRUE
0.27,89603,TRUE,TRUE
0.28,93187,TRUE,TRUE
0.29000000000000004,96884,TRUE,TRUE
0.3,100698,TRUE,TRUE
